nombre,categoria,precio,costo,unidad,codigo_barras,emoji,estacion,inventario,stock_minimo,existencia,en_venta,precio_mayoreo,mayoreo_desde
Alitas · 10 piezas,Alitas,320,,pza,,🍽️,cocina,no,,,si,,
Alitas · 20 piezas,Alitas,440,,pza,,🍽️,cocina,no,,,si,,
Alitas · 30 piezas,Alitas,540,,pza,,🍽️,cocina,no,,,si,,
Todos somos pueblo · 10 alitas,Paquetes de alitas,360,,pza,,🍽️,cocina,no,,,si,,
Nirvana · 20 alitas,Paquetes de alitas,480,,pza,,🍽️,cocina,no,,,si,,
Iron Maiden · 30 alitas,Paquetes de alitas,610,,pza,,🍽️,cocina,no,,,si,,
Led Zeppelin · 40 alitas,Paquetes de alitas,740,,pza,,🍽️,cocina,no,,,si,,
Crazy Legs Bucket · 4 piezas,Entradas y botanas,180,,pza,,🍽️,cocina,no,,,si,,
Camarockers · 10 camarones,Entradas y botanas,250,,pza,,🍽️,cocina,no,,,si,,
Rock a tiras de pollo · 4 piezas,Entradas y botanas,200,,pza,,🍽️,cocina,no,,,si,,
Papas a la francesa · Con sal,Entradas y botanas,60,,pza,,🍽️,cocina,no,,,si,,
Papas a la francesa · Sazonadas,Entradas y botanas,70,,pza,,🍽️,cocina,no,,,si,,
Gajos de cebolla · 6 piezas,Entradas y botanas,100,,pza,,🍽️,cocina,no,,,si,,
Boneless Great Balls of Fire · 8 piezas,Entradas y botanas,260,,pza,,🍽️,cocina,no,,,si,,
Rock a tacos de Camarrock · 3 tacos,Entradas y botanas,170,,pza,,🍽️,cocina,no,,,si,,
Pa’ que compartas,Entradas y botanas,450,,pza,,🍽️,cocina,no,,,si,,
Leave the Kids Alone,Paquetes infantiles,130,,pza,,🍽️,cocina,no,,,si,,
Salchirockstars,Paquetes infantiles,130,,pza,,🍽️,cocina,no,,,si,,
Los de res,Mega taquitos,40,,pza,,🍽️,cocina,no,,,si,,
Los del Profesor Longaniza,Mega taquitos,40,,pza,,🍽️,cocina,no,,,si,,
Puro Oink,Mega taquitos,40,,pza,,🍽️,cocina,no,,,si,,
La enchilada,Mega taquitos,40,,pza,,🍽️,cocina,no,,,si,,
Los Villarock,Mega taquitos,40,,pza,,🍽️,cocina,no,,,si,,
Rockatorta,Especiales del barrio,80,,pza,,🍽️,cocina,no,,,si,,
El Sexy Burro,Especiales del barrio,120,,pza,,🍽️,cocina,no,,,si,,
Heavy Nopal,Complementos y aderezos,30,,pza,,🍽️,cocina,no,,,si,,
Led Cebollin,Complementos y aderezos,30,,pza,,🍽️,cocina,no,,,si,,
Extra de salsa,Complementos y aderezos,30,,pza,,🍽️,cocina,no,,,si,,
Aderezo ranch · 2 oz,Complementos y aderezos,30,,pza,,🍽️,cocina,no,,,si,,
Catsup · 2 oz,Complementos y aderezos,30,,pza,,🍽️,cocina,no,,,si,,
Cerveza · Media,Las chelucas,50,,pza,,🥤,barra,no,,,si,,
Cerveza · Caguama,Las chelucas,100,,pza,,🥤,barra,no,,,si,,
La Cheladita · 1 litro,Las miches,120,,pza,,🥤,barra,no,,,si,,
La Chela Curo Joven? · 1 litro,Las miches,120,,pza,,🥤,barra,no,,,si,,
La Chi Chela Come · 1 litro,Las miches,120,,pza,,🥤,barra,no,,,si,,
La Rolling Stone · 1 litro,Las miches,120,,pza,,🥤,barra,no,,,si,,
La del Barrio · 1 litro,Las miches,120,,pza,,🥤,barra,no,,,si,,
Tekillers,Shots,50,,pza,,🥤,barra,no,,,si,,
El Blue Monday,Shots,50,,pza,,🥤,barra,no,,,si,,
The Black Metal Charro,Los tragos,160,,pza,,🥤,barra,no,,,si,,
Johnny Be Good · 1 litro,Los tragos,160,,pza,,🥤,barra,no,,,si,,
El Niño Rata · 1 litro,Los tragos,160,,pza,,🥤,barra,no,,,si,,
Vodkabron · 1 litro,Los tragos,160,,pza,,🥤,barra,no,,,si,,
El Pitufbarrio,Los tragos,160,,pza,,🥤,barra,no,,,si,,
Refresco de sabor · 2 litros,Sin alcohol,50,,pza,,🥤,barra,no,,,si,,
Refresco cola · 1.35 litros,Sin alcohol,60,,pza,,🥤,barra,no,,,si,,
Agüita del día,Sin alcohol,30,,pza,,🥤,barra,no,,,si,,
Latita de refresco,Sin alcohol,30,,pza,,🥤,barra,no,,,si,,
